UserName,Handle,Timestamp,Text,Emojis,Comments,Likes,Retweets
Kevin Ellis,@KevEll007,2020-11-25T22:49:12.000Z,"Replying to 
@Andywelsh777
 @DavidHazell6
 and 6 othersfamily, returning from their long exile in Manchester, were able put their militant Islamist beliefs into practice. They absorbed the toxic variant of Islam espoused by the al-Qaeda clones, taking advantage of their military experience honed in the Iraq war. The Independent",,1,,
Big Bear,@UKBigBear01,2020-11-25T22:48:44.000Z," idiots Dan just idiots RT 
@dbongino
: Biden National Security Adviser Pick Said ‚ÄúAl-Qaeda Is On Our Side‚Äù in Syria Biden National Security Adviser Pick Said ""Al-Qaeda Is On Our Side"" in Syria
Red flags galore.
bongino.com",üëá,,,
NOLA Patriot,@nolapatriotgal,2020-11-25T22:46:36.000Z,"Biden National Security Adviser Pick Said ""Al-Qaeda Is On Our Side"" in Syria | Dan BonginoBiden National Security Adviser Pick Said ""Al-Qaeda Is On Our Side"" in Syria
Red flags galore.
bongino.com",,,,
abel,@fantastico_,2020-11-25T22:44:14.000Z,"Replying to 
@AmbassadorRiceWould you have a dialogue with al-qaeda leaders who killed US civilians and soldiers? No. You can't save your criminal friends who killed troops. Ethiopia is not a US colony & does not take orders from you. We are free people and do not have a slave mentality that you display.",,,,
J.James,@trojanboy123,2020-11-25T22:43:44.000Z,"Replying to 
@dbonginoHe was not lying  Being that Al-Qaeda is a CIA created and run group.  and when he says the word ""OUR"" he doesn't mean you and me and all patriotic Americans. he meant OUR as in him and left are on the same side as al-Qaeda and want to destroy America",,,,
gigigirau83,@gigigirau83,2020-11-25T22:35:40.000Z,"Mr Sullivan; Biden‚Äôs selection for
National Security Adviser, said that  ‚ÄòAl-Qaeda in Syria in on our side ‚Äú 
Feel safe yet ?!",,2,2,4
D Russell,@DRussel55238296,2020-11-25T22:35:13.000Z,"Replying to 
@dbonginoThese people would see how much ""Al-Qaeda is on our side"" as they cut off their heads, if given the opportunity.",,,,1
WONJI SHOA,@ShoaWonji,2020-11-25T22:32:20.000Z,"Replying to 
@KebedeZerituTHIS IS NOT FOR THE FIRST TIME TO Killing AMHARA ETHNIC TPLF MAFIA CRIMINAL GROUPS 27+YEARS THE KILLID AMHARA THE ARE HORN OF AFRICA Isis OT Al-Qaeda ALSO THE KILLID Northern national defense command On the bad 11 o‚Äôclock local time in Ethiopia",,,,
Veronica Cosenza,@veronica67ny,2020-11-25T22:31:43.000Z,"Biden National Security Adviser Pick Said ‚ÄúAl-Qaeda Is On Our Side‚Äù in Syria
https://api.parler.com/l/4zKQRThe following media includes potentially sensitive content. Change settings
View",,,,
Tertium Quid,@TertiumQuid3,2020-11-25T22:29:58.000Z,"Replying to 
@RepWextonToday we also mark the day President granted a full pardon to retired General Michael Flynn. 

Gen. Flynn served his country with distinction, from the battlefields of Afghanistan to Iraq. He helped dismantle Al-Qaeda network.  Tragically, he was targeted by Obama‚Äôs DOJ",,1,,1
Kathy A,@andersonf150,2020-11-25T22:28:28.000Z,"Biden National Security Adviser Pick Said ""Al-Qaeda Is On Our Side"" in Syria | Dan Bongino

I‚Äôm sure ISIS will be, too.Biden National Security Adviser Pick Said ""Al-Qaeda Is On Our Side"" in Syria
Red flags galore.
bongino.com",,,,
Constituent,@808constituent,2020-11-25T22:22:20.000Z,"Of coooooooruse.
Why is liar, Brennan even on TV? 
He is a apologist for war crimes and arming the enemy(al-Qaeda) in Syria.Quote Tweet
Andrew Solender
@AndrewSolender
 ¬∑ 4h
Asked by @brikeilarcnn about @RonWyden calling Mike Morell a ""torture apologist"" and urging Biden not to nominate him for CIA, @JohnBrennan says:

""He would be well advised to not make such charges against patriots like Michael Morell... Ron Wyden knows not of what he speaks.""",üå∫ üéó ‚è≥ üóΩ,1,,3
Constituent,@808constituent,2020-11-25T22:22:20.000Z,"Of coooooooruse.
Why is liar, Brennan even on TV? 
He is a apologist for war crimes and arming the enemy(al-Qaeda) in Syria.Quote Tweet
Andrew Solender
@AndrewSolender
 ¬∑ 4h
Asked by @brikeilarcnn about @RonWyden calling Mike Morell a ""torture apologist"" and urging Biden not to nominate him for CIA, @JohnBrennan says:

""He would be well advised to not make such charges against patriots like Michael Morell... Ron Wyden knows not of what he speaks.""
1:06
35.7K views",üå∫ üéó ‚è≥ üóΩ,1,,3
Rick,@1musashi1,2020-11-25T22:19:22.000Z,"Biden National Security Adviser Pick Said ""Al-Qaeda Is On Our Side"" in Syria | Dan Bongino. Oh shiiteBiden National Security Adviser Pick Said ""Al-Qaeda Is On Our Side"" in Syria
Red flags galore.
bongino.com",,,,
Texasgirl97-President-Elect Kraken,@Texasgirl9712,2020-11-25T22:17:24.000Z,"Biden National Security Adviser Pick Said ""Al-Qaeda Is On Our Side"" in Syria | Dan BonginoBiden National Security Adviser Pick Said ""Al-Qaeda Is On Our Side"" in Syria
Red flags galore.
bongino.com",,,,
Dana,@Dana05773412,2020-11-25T22:16:53.000Z,"Replying to 
@_Serene_96
 @MasterTraehr
 and 
@realDonaldTrumpThe military leaders are uniformly against this abrupt withdrawal. The Taliban has not met the terms of the agreement for troop withdrawal. The most important of which is they still have ties with Al-Qaeda.",,,,
Ashleigh,@Ashleigh4155,2020-11-25T22:13:09.000Z,"Replying to 
@dbonginoRemember when we went to war against Al-Qaeda? lol... If we aren't using terrorists for regime change we are killing them... If Biden does become President you will see radical terrorists again killing people of all religions, creating another refugee crisis. The #democrat party",,,,
President Elect MAGA GIRL,@KimbetheStylist,2020-11-25T22:09:31.000Z,"Biden National Security Adviser Pick Said ""Al-Qaeda Is On Our Side"" in Syria | Dan Bongino

Take notice who all name are listed in this.....
Hilary, Obama, and many more I wouldn‚Äôt trust with my grits spoon. Biden will take us backwards instead forward.Biden National Security Adviser Pick Said ""Al-Qaeda Is On Our Side"" in Syria
Red flags galore.
bongino.com",üåü üåü üåü üåü üåü üåü,,1,
Wyatt Earp #StopGlobalReset,@AccuracyIsFinal,2020-11-25T22:09:28.000Z,"By our side, he means #Democrats not America

Biden National Security Adviser Pick Said ‚ÄúAl-Qaeda Is On Our Side‚Äù in SyriaBiden National Security Adviser Pick Said ""Al-Qaeda Is On Our Side"" in Syria
Red flags galore.
bongino.com",,,,
U.S. Marine Corps Museum,@USMCMuseum,2020-11-25T22:01:32.000Z,"#OTD in 2001, 15th MEU elements begin landing in Afghanistan more than 400 miles from the coast and taking control of FOB Rhino. Marine air and ground forces begin patrolling the region in search of Taliban and Al-Qaeda fighters.‚Å† 

#USMC Photo",,,4,10
Rabiddogg,@Rabiddogg,2020-11-25T22:01:11.000Z,"Replying to 
@dbonginoshes somewhat right. Obama/Biden tend to be on the side of Al-Qaeda over the USA and our allies.",,,1,2
Gael,@GaelHodler,2020-11-25T21:55:58.000Z,"Replying to 
@FlareNetworks
 and 
@coinbase@Coinbase
 will list a token for Al-Qaeda before to arrange anything else related to #XRP.",,,,4
Funneee Pets,@FunneeePets,2020-11-25T21:32:03.000Z,"British Military Dog Who Lost a Paw Tackling Al-Qaeda Insurgent Awarded ... https://youtu.be/J2Nu2rHW2Eo via 
@YouTubeBritish Military Dog Who Lost a Paw Tackling Al-Qaeda Insurgent...
British Military Dog Who Lost a Paw Tackling Al-Qaeda Insurgent Awarded Dickin Medal Welcome to Funneee Pets channel. If you like cute and funny pets compila...
youtube.com",,,,
shush,@Kingmoa12,2020-11-25T21:30:02.000Z,"Replying to 
@GrarfiledI can vouch I was a victim of the secret raid on Al-Qaeda",,1,,1
KrazZz23,@KraZzZ_23,2020-11-25T21:26:22.000Z,"Replying to 
@redworld22
 and 
@PedroMCasalsCuales terroristas? Al-qaeda o ISIS? Esos van por su cuenta... EEUU apoya a los kurdos, los cuales tienen d√©cadas siendo oprimidos por las mayor√≠as y v√≠ctimas de m√∫ltiples limpiezas √©tnicas.",üêò,1,,
Bo Lox,@Bo_Lox_,2020-11-25T21:12:34.000Z,"Replying to 
@spikedonlineThe choice:

1) An abrasive pussy-grabbing narcissist who avoided wars and improved the US economy pre COVID

2) A dementia suffering child lover who enriched his family on an illegal coup in Ukraine, sucked up to China, and whose team engaged Al-Qaeda to drive Syrian chaos

???",,1,,
Andrew,@AndraezAndraez,2020-11-25T21:12:04.000Z,"-Signed the Monsanto Protection Act into law.

-Started a new phase of the war in Iraq.

-Initiated and oversaw a 'Secret Kill List'.

-Pushed for war on Syria while siding with al-Qaeda.

-Knowingly funded a designated al-Qaeda affiliate.

-Backed neo-Nazis in Ukraine.",,1,1,1
Steve Jail,@Biyombonesaw,2020-11-25T21:11:29.000Z,"Replying to 
@AltairAlMalik
 and 
@richimedhurstThe American military vastly overshadows the evil of Al-Qaeda or ISIS",,,,
Diegoloce,@DiegoloceK,2020-11-25T20:59:48.000Z,"Replying to 
@elmundoesNo se olvida el enga√±o que trat√≥ de hacer AzNar* presionando incluso a Naciones Unidas para que emitiera un documento que dijera que los asesinatos del 11-M fueron de autor√≠a* etarra cuando fue Al-qaeda quien los perpetr√≥.",,,,
ACAB,@plungerman,2020-11-25T20:54:53.000Z,FBI Uncovers Al-Qaeda Plot To Just Sit Back And Enjoy Collapse Of United States https://theonion.com/fbi-uncovers-al-qaeda-plot-to-just-sit-back-and-enjoy-c-1819576375/amp‚Ä¶,,,,
Wiil Wadani,@WiilWadani2,2020-11-25T20:49:16.000Z,"Where were you, when Obama/Biden admin allowed TPLF led Ethiopian gov to spy on U.S citizens inside the U.S with impunity. So don't tell the Ethiopian to negotiate with terrorists. Would you suggest Biden negotiate with Al-Qaeda/ISIS??Quote Tweet
Senator Chris Coons
@ChrisCoons
 ¬∑ Nov 24
In the face of escalating conflict in #Ethiopia, I urged Prime Minister Abiy to pursue dialogue. I acknowledge calls for justice and accountability, but war is not the answer. Read more here: https://coons.senate.gov/news/press-releases/senator-coons-speaks-with-ethiopian-prime-minister-amidst-escalating-conflict‚Ä¶",,,,
Liz,@Liz71318642,2020-11-25T20:44:44.000Z,"Replying to 
@newsmaxHe's created situations that will lead to the escalation of old conflicts, the resurgence of Al-Qaeda, and the eventual need for the U.S. to enter bloody conflicts. He's also made us vulnerable to Russian aggression. Check current events, Newsmin.",,,,
Mehdi,@meyti_mahoumet,2020-11-25T20:44:11.000Z,"After ‚Äúdismantling‚Äù Taliban and Al-Qaeda camps in Afghanistan, U.S allocated merely $150 million for Afghanistan's rebuilding. Only $1 million for Afghan Army building. Smh. Afghanistan will be left broke again. Corruption and militancy will inevitably return.Quote Tweet
Ishaq Khan Khakwani
@khakwan
 ¬∑ 3h
After the 9 year war Soviets left Afghanistan in 1979, did Najibullah‚Äôs Govt fall because of non availability of Troops? No. It was stoppage of funding. Same expected now, after US troops leave. Would anyone Learn from History? No again",,,,
Mushtaq Ali,@Mushtaq_Ali_1,2020-11-25T20:35:46.000Z,"Replying to 
@Edward3320AK
 and 
@NegarMortazaviI support it without getting anything from Iran because they are on the right track. USA & Israel are a terrorist country that supports ISIS & al-Qaeda. For looting oil America has invaded Libya, Afghanistan, Iraq, Iran and Syria.",,,,1
ÔÆºÿ™ÿ±ŸÉŸäÿåÿ®ŸÜÿåÿπŸÑŸäÿåÿßŸÑÿπŸàŸäÿ±ÿ∂Ÿä,@Turki_AlOwerde,2020-11-25T20:32:36.000Z," Consider this well:

Qatar hosted the mastermind of 9/11 and protected him by smuggling him, and Iran hosted and still hosting al-Qaeda leaders, and here are the two countries that have been completely safe from Al Qaeda and ISIS attacks.",,1,3,3
Fredo Xantana,@Tey_Gunna,2020-11-25T20:31:18.000Z,"Replying to 
@mikebtrippinMf look like an al-qaeda debriefing board",üëπ üíä üî™,1,,
TELEMUNDO 52,@TELEMUNDO52,2020-11-25T20:30:08.000Z,"Agentes del FBI arrestaron a una mujer de Nueva Jersey la madrugada del mi√©rcoles bajo cargos federales por presuntamente brindar apoyo material a un grupo terrorista descrito como al-Qaeda en Siria, dijeron fuentes policiales a NBC New York.Arrestan a mujer con antecedentes militares por presunto apoyo a terroristas sirios
NUEVA JERSEY ‚Äì Agentes del FBI arrestaron a una mujer de Nueva Jersey la madrugada del mi√©rcoles bajo cargos federales por presuntamente brindar apoyo material al Frente Al Nusra, un grupo terrorista...
telemundo52.com",,,,
albert garcia,@albertg70453438,2020-11-25T20:28:53.000Z,"Replying to 
@dbonginoBig surprise democrats think al-Qaeda is our side ! 

Of course American hating democrats are sympathetic towards Islamic terrorists !",,,,
Arab News,@arabnews,2020-11-25T20:25:31.000Z,"#OPINION: Three #Iranian institutions have long been instrumental in helping Al-Qaeda: The IRGC, its elite Quds Force and the Intelligence Ministry, writes 
@Dr_RafizadehIran‚Äôs close connections to Al-Qaeda should surprise no one
Members of the Iranian revolutionary guard march to commemorate the anniversary of the Iran-Iraq war (1980-88), Tehran, Sept. 22, 2011. (Reuters)
arabnews.com",,1,6,3
"Tito ‚ò≠
#antiwokeleft :)",@adxtrjuseniorit,2020-11-25T20:12:26.000Z,"Never forget when Margaret Thatcher endorsed Mujahideen a.k.a the future Al-Qaeda, to destroy Afghanistan and doing falseflags, endorsed by the US and puppets.

Never forget whitewash of NYT, due the double standard with the news on the death of Maradona.From 
Tito ‚ò≠
#antiwokeleft :)
Quote Tweet
The New York Times
@nytimes
 ¬∑ Apr 8, 2013
The full NYT obituary for Margaret Thatcher http://nyti.ms/ZviwmY",‚õ∞ üêà üêï ‚õ∞ üêà üêï,1,21,59
Peter,@MasonPeterJ,2020-11-25T20:10:07.000Z,"RT #FightExtremism ""On October 21, 2020, HTS announced through its Sharia Council that it disavowed Assem Barqawi a.k.a. Abu Muhammad al-Maqdisi. Al-Maqdisi is a prominent Salafist ideologue and was a close confidante of al-Qaeda founder Abu Musab al‚Ä¶ """,,,,
JoanHathaway,@JoanHathaway,2020-11-25T20:05:33.000Z,"Biden National Security Adviser Pick Said ""Al-Qaeda Is On Our Side"" in Syria | Dan BonginoBiden National Security Adviser Pick Said ""Al-Qaeda Is On Our Side"" in Syria
Red flags galore.
bongino.com",,,,
"Tito ‚ò≠
#antiwokeleft :)",@adxtrjuseniorit,2020-11-25T19:55:47.000Z,"Recuerden que TNYT es parte del establishment, as√≠ como fueron muy cuquis dedicando un obituario con flores cuando muri√≥ Margaret Thatcher y olvidando que bendijo a los futuros Al-Qaeda.From 
Pipendorf
Quote Tweet
The New York Times
@nytimes
 ¬∑ 5h
Diego Maradona, the Argentine who became one of soccer‚Äôs greatest players, has died at 60. His legend was marred by his addiction and excesses. https://nyti.ms/2V3HBp8
Show this thread",‚õ∞ üêà üêï,1,,4
Eric Gerlach,@egerlach,2020-11-25T19:54:01.000Z,"""They join the group now because it gives them a sense of belonging. They have this inner-person side that they want to be, but they're afraid to be.

"" ... The Proud Boys are the vehicle that attracts those people and accepts them in."" 

The Proud Boys are white Al-Qaeda.Quote Tweet
Elle Reeve
@elspethreeve
 ¬∑ 10h
This is a look not just at a guy in the Proud Boys, but also the joking-not-joking pose of the new far right, even, as in this interview, when talking about violent threats.  

w @DoctorGuff & @DebBrunswickCNN

https://amp.cnn.com/cnn/2020/11/25/us/ex-proud-boys-member/index.html?__twitter_impression=true‚Ä¶
Show this thread",,,,
"Elvis mom
#KAG WWG1WGA #Trump202Q",@christinerich1,2020-11-25T19:53:01.000Z,"Biden National Security Adviser Pick Said ""Al-Qaeda Is On Our Side"" in Syria | Dan BonginoThe following media includes potentially sensitive content. Change settings
View",,,,
marisabel Mancebo,@marisabel_ma,2020-11-25T19:49:23.000Z,"Biden National Security Adviser Pick Said ‚ÄúAl-Qaeda Is On Our Side‚Äù in Syria 
https://api.parler.com/l/4zKThe following media includes potentially sensitive content. Change settings
View",üëá,,,
CEP,@FightExtremism,2020-11-25T19:49:02.000Z,"On October 21, 2020, HTS announced through its Sharia Council that it disavowed Assem Barqawi a.k.a. Abu Muhammad al-Maqdisi. Al-Maqdisi is a prominent Salafist ideologue and was a close confidante of al-Qaeda founder Abu Musab al-Zarqawi. https://buff.ly/31E4aUT",,,,1
J,@ItsAboutTime45,2020-11-25T19:15:23.000Z,"Biden National Security Adviser Pick Said ""Al-Qaeda Is On Our Side"" in Syria | Dan BonginoBiden National Security Adviser Pick Said ""Al-Qaeda Is On Our Side"" in Syria
Red flags galore.
bongino.com",,3,3,7
Sonlight,@BillyBoysDaddy,2020-11-25T19:14:01.000Z,"Replying to 
@dbonginoAl-Qaeda is a terrorist organization.

National Security Adviser must be off his rocker??

Duh.",,,1,4
Aaron Richards,@arun_richards,2020-11-25T19:11:06.000Z,"Replying to 
@Peter_Pilz
 @RedaktionZack
 and 4 othersWarum will sich ein ausl√§ndischer Agent einer √∂rtlichen Polizei stellen? Da ist doch was faul an der Geschichte.

Oder machen das Mossad Agenten auch so, nachdem sie im Iran Al-Qaeda Leute eliminieren? ",ü§î,,,
Helsingor,@Helsingor,2020-11-25T19:11:00.000Z,"Moving away from #AmericaFirst and towards a middle course between being a satrapy of China and a state sponsor of al-Qaeda.Quote Tweet
Raheem Kassam
@RaheemKassam
 ¬∑ 7h
‚ÄúWe need to strike a middle course ‚Äì one that encourages China‚Äôs rise..."" said Biden's pick for National Security Advisor.

These people are dangerous, demonic, and treasonous. 

https://thenationalpulse.com/politics/biden-nat-sec-adviser-china/‚Ä¶",,,,
GreenAF1776,@GreenAF1776,2020-11-25T19:08:40.000Z,"Replying to 
@dbongino
 and 
@DonnaWR8AL-Qaeda will never be on ‚Äúour‚Äù side! Maybe him and Bidens fake administration team.",,,,
Tony Tuff,@TonyTuffFacts,2020-11-25T19:06:15.000Z,"What the fuck did you just fucking say about me, you little bitch? I‚Äôll have you know I graduated top of my class in the Navy Seals, and I‚Äôve been involved in numerous secret raids on Al-Qaeda, and I have over 300 confirmed kills. I a..",,,,
Classical Music,@classic1879,2020-11-25T19:00:21.000Z,"Replying to 
@RTultimahora ataca a Siria porque es aliado de ISIS Al-Qaeda 

Cuando vean √©stas banderas 
 son ISIS Al-Qaeda",‚òï üö¨ ‚è≥ üíõ üíõ,,,
Institut Montaigne_EN,@i_montaigneEN,2020-11-25T19:00:16.000Z,"  #Sahel: ""The upcoming elections in several countries could actually represent an additional opportunity for Al-Qaeda"" explains 
@GuillaumeMayor
.Sahel‚Äôs Security Crisis: the Fragile (Im)balance
Analysis by Guillaume Soto-Mayor, Lead research engineer at CNAM Security and Defense Research Team, for Institut Montaigne
institutmontaigne.org",üåç,,1,
Emmy Winner & President-Elect QueenRobina,@QueenRobina,2020-11-25T18:51:23.000Z,"Biden National Security Adviser Pick Said ""Al-Qaeda Is On Our Side"" in Syria | Dan BonginoBiden National Security Adviser Pick Said ""Al-Qaeda Is On Our Side"" in Syria
Red flags galore.
bongino.com",,,,
elias knox,@eliasknox10,2020-11-25T18:48:40.000Z,"Biden National Security Adviser Pick Said ""Al-Qaeda Is On Our Side"" in Syria | Dan BonginoBiden National Security Adviser Pick Said ""Al-Qaeda Is On Our Side"" in Syria
Red flags galore.
bongino.com",,,,
DoD InspectorGeneral,@DoD_IG,2020-11-25T18:47:52.000Z,"North African Violent Extremist Organizations (VEOs) were disrupted and degraded.

The threat posed by al-Qaeda in the Islamic Maghreb and ISIS-Libya neared its lowest point in a decade.",,1,,
Eddy Hoover,@Eddy_Hoover,2020-11-25T18:41:38.000Z,"Replying to 
@MarshaBlackburnThank you 
@MarshaBlackburn
 for pointing this out, as Al-Shabaab is often overlooked by Hezbollah, ISIS, the Taliban and Al-Qaeda, yet they pose significant threats in Somalia and East Africa. It‚Äôs important we help Somalis combat this dreadful terrorist organization!",,,2,3
Tony,@just_tonee,2020-11-25T18:39:36.000Z,"Replying to 
@dbonginoReally, this is who Biden appointed! Since when ever is Al-Qaeda considered good company. You don't befriend terrorists!",,,,2
James Keay,@reach147,2020-11-25T18:37:38.000Z,"The Al-Qaeda Leader Elimination in Tehran Embarrasses Iran - FrontpagemagThe Al-Qaeda Leader Elimination in Tehran Embarrasses Iran - Frontpagemag
The message to terrorists is that the U.S. and Israel don‚Äôt forgive or forget.
frontpagemag.com",,,,
tfraymond,@tfraymond,2020-11-25T18:32:30.000Z,"Biden National Security Adviser Pick Said ""Al-Qaeda Is On Our Side"" in Syria | Dan BonginoBiden National Security Adviser Pick Said ""Al-Qaeda Is On Our Side"" in Syria
Red flags galore.
bongino.com",,,,
Patriot Ron,@Malum_ad_os028,2020-11-25T18:17:33.000Z,"Al-Qaeda on our side you're talking about a cousin of ISIS? It's absurd how quickly we forgetBiden National Security Adviser Pick Said ""Al-Qaeda Is On Our Side"" in Syria
Red flags galore.
bongino.com",,,,
Tibor Gyula Balogh,@tibor_g_balogh,2020-11-25T18:12:36.000Z,"Going Underground (RT)

Barnett Rubin,

 -ex- State Department US official 

""Afghanistan:
What Everyone
Needs To Know""

http://feeds.soundcloud.com/stream/935691190-rttv-going-underground-afghanistan-behind-the-rise-of-the-taliban-al-qaeda.mp3‚Ä¶

the rise of the Taliban and Al-Qaeda out of the Mujahideen",,,,
Phil Bevis,@PhilB6vis,2020-11-25T18:10:35.000Z,"Jihadist cleric who adores al-Qaeda 
gets released to continue 
preaching in Turkey 
17/06/20 / Abdullah Bozkurt // NM
https://nordicmonitor.com/2020/06/a-jihadist-cleric-who-adored-al-qaeda-gets-released-to-continue-preaching-in-turkey/‚Ä¶ 
via 
@nordicmonitorJihadist cleric who adores al-Qaeda gets released to continue preaching in Turkey
Abdullah Bozkurt   Yusuf Selami √áakaroƒülu, a Turkish pro-al-Qaeda cleric under indictment, escaped from the grip of the criminal justice system in Turk
nordicmonitor.com",,,,
John LaVeque,@jlmerlav,2020-11-25T18:06:34.000Z,"Biden National Security Adviser Pick Said ‚ÄúAl-Qaeda Is On Our Side‚Äù in Syria Biden National Security Adviser Pick Said ""Al-Qaeda Is On Our Side"" in Syria
Red flags galore.
bongino.com",üëá,,,
Chris,@lilchriss2316,2020-11-25T18:05:56.000Z,"ISIS didn‚Äôt exist before!
Suddenly, our troops are teamed up with al-Qaeda and Taliban to fight against ‚Äúmoderate rebels‚Äù that WE CREATED, CIA!!
Wake up brother!
Gen Wesley Clark ADMITTED THE PLAN TO INVADE 7 COUNTRIES IN 5 YEARS!!!!
911 was absolutely an inside job!Quote Tweet
Daniel F. Baranowski
@DFBHarvard
 ¬∑ Nov 17
Our Intelligence Community:

MISSED 9/11!

MISSED Weapons of Mass Destruction!

BLEW the ISIS takeover!

AIDED a coup d'etat to OVERTHROW Trump!

AND, NOW, ARE ""HANDS-OFF"" THE VOTER FRAUD CRISIS!

RETWEET If you think our Intelligence Community is part of the Deep State!",,1,,1
lina,@LinaiBuff,2020-11-25T18:05:33.000Z,"Replying to 
@AnisPFI
 and 
@PFIOfficialThose having links with ISI of Pakistan are giving lectures on Muslim rights in India.
What's ironical is that 
@PFIOfficial
 has been recently found to be receiving money from IHH, a turkey based Al-Qaeda linked organization.
A fox defending the actions of Jackal!
@oma_salam",,,,
Phil Bevis,@PhilB6vis,2020-11-25T17:57:56.000Z,"Turkish intelligence 
tried to pass off al-Qaeda
and IS fighters as moderates 
in  CIA   and  Pentagon vettings
22/07/20 / Abdullah Bozkurt // NM
https://nordicmonitor.com/2020/07/13283/ 
via 
@nordicmonitorTurkish intelligence tried to pass off al-Qaeda, ISIS fighters as moderates in CIA/Pentagon vetting
Abdullah Bozkurt   Turkey‚Äôs spy agency, the National Intelligence Organization (Milli ƒ∞stihbarat Te≈ükilatƒ±, or MIT) hid information from the US mili
nordicmonitor.com",,,,
DAA,@EHSmgr,2020-11-25T17:53:01.000Z,"Replying to 
@foxcarolinanewsThis is the guy whose cabinet members said Al-Qaeda are our allies. You cant make this up and people voted for him ",üòÇ,,,
James McGillivray,@JamesMcG_MSBI,2020-11-25T17:51:33.000Z,"Quite incredible evening listening to 
@McgownStephen
 talking about his biography, ‚ÄúSix years with Al-Qaeda‚Äù.

Can‚Äôt imagine the anguish and pain experienced by Steve, his family, and friends.",,,,1
Kevin Bowen,@kevinbowen51,2020-11-25T17:47:54.000Z,"Replying to 
@jefftimmerSubstitute Al-Qaeda for COVID and they'd double the military budget .
Pay the people!",,,,1
roo.,@Roocist,2020-11-25T17:47:25.000Z,wish i was in Al-Qaeda so i could explode myself,‚öô,,,5
InSideGoDsHed,@InSideGoDsHed,2020-11-25T17:45:37.000Z,"Replying to 
@dbongino‚ÄúAl-Qaeda Is On Our Side‚Äù in Syria ?? ",ü§î ü§£ ü§£ ü§£,,,1
Linda3,@mastrolyn,2020-11-25T17:41:03.000Z,"Biden National Security Adviser Pick Said ""Al-Qaeda Is On Our Side"" in Syria | Dan BonginoBiden National Security Adviser Pick Said ""Al-Qaeda Is On Our Side"" in Syria
Red flags galore.
bongino.com",,,,
"Pure hearted
7777",@PureHearted7777,2020-11-25T17:40:22.000Z,"Biden National Security Adviser Pick Said ""Al-Qaeda Is On Our Side"" in Syria | Dan BonginoBiden National Security Adviser Pick Said ""Al-Qaeda Is On Our Side"" in Syria
Red flags galore.
bongino.com",üí• ‚ù§ ‚ù§ üí• üí• üí• üí• üí• üí• üí•,1,6,1
WORLD Radio,@TWERadio,2020-11-25T17:40:07.000Z,"This week's World Tour of international news from 
@onize_ohiks
:

- Al-Qaeda names new North Africa leader

- Guatemalan protesters set fire to congressional building

- Peru gets 3rd president in a week

- France postpones #BlackFriday

https://worldandeverything.org/2020/11/world-tour-a-new-terrorist-leader-and-presidents-in-peru/‚Ä¶",,,1,
Daniele Garofalo,@G88Daniele,2020-11-25T17:39:14.000Z,"Pro-#AQ media channel, Sawt al-Qaeda, has announced the launch of a new magazine entitled: ""Wolves of Manhattan magazine‚Äù.

 #AlQaeda #terrorism 
@KyleWOrton
 @BarakMendelsohn
 @Minalami
 @azelin
 @ToreRHamming
 @Natsecjeff
 @BokoWatch
 @Ali_H_Soufan
 @KatieZimmerman
 @NihadJariri",,1,9,19
Chasing the Real,@SharonCoffman20,2020-11-25T17:37:41.000Z,"Replying to 
@dbonginoYou mean OBAMA said Al-Qaeda is on our side.",,,,
Kerry,@KerrykeKerry,2020-11-25T17:37:39.000Z,"Biden National Security Adviser Pick Said ""Al-Qaeda Is On Our Side"" in Syria | Dan BonginoBiden National Security Adviser Pick Said ""Al-Qaeda Is On Our Side"" in Syria
Red flags galore.
bongino.com",,,,
Forces News,@ForcesNews,2020-11-25T17:33:00.000Z,"A retired military dog has been awarded the animal equivalent of the Victoria Cross. 
 

Kuno was given the medal for his role in a compound raid against al-Qaeda in which he suffered severe injuries.2:26
987 views",üéñ,2,15,68
BRK,@SVPhilosophers7,2020-11-25T17:28:19.000Z,"Replying to 
@dbonginoBiden and Kamala are Al-Qaeda, ISIS, Antifa, BLM, PKK, CCP, all rolled into one.",,,,
Angel Barger,@angelbarger,2020-11-25T17:25:25.000Z,"Biden National Security Adviser Pick Said ""Al-Qaeda Is On Our Side"" in Syria | Dan BonginoBiden National Security Adviser Pick Said ""Al-Qaeda Is On Our Side"" in Syria
Red flags galore.
bongino.com",,,,
A SIMPLE MINDED VIEW,@minded_a,2020-11-25T17:25:04.000Z,"Replying to 
@dbonginoAl-Qaeda AND Covid are in our side... don't forget Covid",,,,
Carrie Mayo (Parler: SouthernBelleTarheel),@Amazing_Grace2,2020-11-25T17:21:31.000Z,"Biden National Security Adviser Pick Said ""Al-Qaeda Is On Our Side"" in Syria | Dan BonginoBiden National Security Adviser Pick Said ""Al-Qaeda Is On Our Side"" in Syria
Red flags galore.
bongino.com",,,,
The Irishman,@commonpatriot,2020-11-25T17:18:12.000Z,"Heeeeere's your sign...

via 
@dbongino
: Biden National Security Adviser Pick Said ‚ÄúAl-Qaeda Is On Our Side‚Äù in SyriaBiden National Security Adviser Pick Said ""Al-Qaeda Is On Our Side"" in Syria
Red flags galore.
bongino.com",,,,
noisecontrol,@noisecontrol1,2020-11-25T17:17:51.000Z,"Replying to 
@dbonginoYes. We created Al-Qaeda",,,,
jeff outland,@JeffOutland,2020-11-25T17:17:48.000Z,"Biden National Security Adviser Pick Said ""Al-Qaeda Is On Our Side"" in Syria | Dan BonginoBiden National Security Adviser Pick Said ""Al-Qaeda Is On Our Side"" in Syria
Red flags galore.
bongino.com",,,,
George Mentz JD MBA,@GeorgeMentz,2020-11-25T17:15:12.000Z,"New York Gazette ‚Ñ¢ Biden National Security Adviser Pick Said ""Al-Qaeda Is On Our Side"" in Syria: http://bongino.com - Red flags galore. http://dlvr.it/RmQ81SThe following media includes potentially sensitive content. Change settings
View",,,,
Scott Stafford,@ScottyTamale,2020-11-25T17:14:25.000Z,"DEMOCRATS *WANT* TERRORISM TO FLOURISH. 

Biden National Security Adviser Pick Said ""Al-Qaeda Is On Our Side"" in Syria | Dan BonginoBiden National Security Adviser Pick Said ""Al-Qaeda Is On Our Side"" in Syria
Red flags galore.
bongino.com",,,,
"Morrighan
Red
LivesMatter #KBF",@LadyMercia,2020-11-25T17:13:04.000Z,"Biden National Security Adviser Pick Said ""Al-Qaeda Is On Our Side"" in Syria | Dan BonginoBiden National Security Adviser Pick Said ""Al-Qaeda Is On Our Side"" in Syria
Red flags galore.
bongino.com",ü¶Ö üêø,2,,3
MariaCecilia11,@Ma_Cecilia04,2020-11-25T17:11:04.000Z,"Sullivan, quien ayud√≥ a negociar el desastroso acuerdo nuclear con Ir√°n, hoy escogido por Biden como consejero de seguridad nacional, dice que Al-Qaeda en Siria, est√° de nuestro lado. 

De regreso al pantano.Biden National Security Adviser Pick Said ""Al-Qaeda Is On Our Side"" in Syria
Red flags galore.
bongino.com",,,,1
·äÆr·ä©·àõ Afri·ä´,@Y81770681,2020-11-25T17:10:28.000Z,"Replying to 
@valentinaraggi
 @Angelo63205107
 and 2 othersDifendere il TPLF √® uguale a difendere al-shabab, ISIS o al-qaeda si dovrebbe solo vergogna di quel che dice, non ci devono essere motivi per non dichiarare guerra.
Dopo tutto non potevo aspettarmi qualcosa da una persona che non conosceva chi era il TPLF prima di ieri...",,1,,
Ethan Hawkley,@ethan_hawkley,2020-11-25T17:09:40.000Z,"al-Qaeda North African Names New Leader After French Assassinational-Qaeda North African Names New Leader After French Assassination
Abu Obaida Yusuf al-Annabi is an Algerian national and is replacing Abdelmalek Droukdel who was killed by French forces in June.
sofrep.com",,,,
Tony Tuff,@TonyTuffFacts,2020-11-25T17:04:15.000Z,"What the fuck did you just fucking say about me, you little bitch? I‚Äôll have you know I graduated top of my class in the Navy Seals, and I‚Äôve been involved in numerous secret raids on Al-Qaeda, and I have over 300 confirmed kills. I a..",,,,
CEP,@FightExtremism,2020-11-25T17:01:52.000Z,"The exact date of Zawahiri‚Äôs death wasn't released, but a Pakistani official claims Zawahiri died sometime in November 2020. It is suspected that Saif al-Adel, one of Zawahiri‚Äôs chief deputies, is next in line to succeed Zawahiri as the leader of al-Qaeda. https://counterextremism.com/threat/al-qaeda",,,12,9
John D Marvin,@JDMarvin,2020-11-25T17:01:20.000Z,"MUST READ: Biden National Security Adviser Pick Said ‚ÄúAl-Qaeda Is On Our Side‚Äù in SyriaBiden National Security Adviser Pick Said ""Al-Qaeda Is On Our Side"" in Syria
Red flags galore.
bongino.com",,,3,1
Addisu Geleta,@Addis83709441,2020-11-25T16:56:47.000Z,"Replying to 
@jakejsullivanSo why don‚Äôt US start dialogue with Al-Shabab and al-Qaeda on the table. This works for you?",,,,
s mariam,@humaniteaspoon,2020-11-25T16:54:40.000Z,"Framed as members of Al-Qaeda, Muslim men working as tailors, electricians, and masons arrested and tortured by NIA and BSF. The one who is being said to be head of the group has a mental disorder. UAPA has been used to manufacture a crisis of security.Most Bengal Muslims Arrested by NIA Are Poor Masons and Workers, Says Fact-Finding Team
NIA conducted searches and raids at Murshidabad, West Bengal on 19 September and arrested 10...
clarionindia.net",,,2,3
Crime in NYC,@CrimeInNYC,2020-11-25T16:54:33.000Z,"FBI agents arrested a New Jersey woman on charges of providing material support to al-Qaeda in Syria.
She served in the National Guard and on Army active duty for 14 months from late 1984 to early 1986. She received an ‚Äúother than honorable discharge"" in lieu of a court martial.",,1,,
Casey Sherman,@shermham,2020-11-25T16:50:03.000Z,"Replying to 
@shermham
 @OnJah12345
 and 
@Come_On_Groundwas terrorism the right prism through which to view Osama Bin Laden? No. Bin Laden and al-qaeda came to power because America decimated the middle east, destabilized governments in the region and funded anti-soviet groups. The ""War on Terror"" is a farce.",ü¶Ü,1,,
Ilija Zivotic MP,@IlijaMp,2020-11-25T16:19:37.000Z,"Al-Qaeda's leader Ayman al-Zawahiri has died, reports claim https://dailymail.co.uk/news/article-8970231/Al-Qaedas-leader-Ayman-al-Zawahiri-died-reports-claim.html?ito=amp_twitter_share-top‚Ä¶ via 
@MailOnlineAl-Qaeda's leader Ayman al-Zawahiri has died, reports claim
Security sources in Pakistan and Afghanistan told Arab News that Zawahiri was dead, possibly succumbing to asthma following 'breathing issues'.
dailymail.co.uk",,,,1
WCBS Newsradio 880,@wcbs880,2020-11-25T16:18:15.000Z,"A New Jersey woman is charged with sending money to a terrorist group in Syria affiliated with al-Qaeda, federal prosecutors say.New Jersey woman accused of providing money, weapons advice to terrorist group in Syria
A New Jersey woman is charged with sending money to a terrorist group in Syria affiliated with al-Qaeda. The FBI arrested 53-year-old Maria Bell of Hopatcong, according to the U.S. Attorney‚Äôs Office.
radio.com",,,,
SaintHeartwing,@SaintHeartwing,2020-11-25T16:16:04.000Z,"Replying to 
@Theopenofmind1
 @SteveSaysSo1
 and 2 othersBut it wasn‚Äôt Saudi Arabia that attacked us. It was Al-Qaeda.",,1,,
MHA‚Ä¢,@Mhusseinn1,2020-11-25T16:14:25.000Z,3- we will defend Sinjar and Telfer and Ninawa and Kirkuk from the evils of Al-Saud and their militias like we did against Al-Qaeda and isis 5/6,,1,2,17
Tom Worth,@tomworthjr,2020-11-25T16:07:51.000Z,"Often had this thought. The knock on Dems is that they are soft on the military, both defense as well as in projecting power & security abroad. Think we saw that with Clinton & Obama w/ rapid rise of al-Qaeda & ISIS. But it is not in dispute that GOP admins leave HUGE messes.Quote Tweet
Julian Zelizer
@julianzelizer
 ¬∑ 7h
1977, 1993, 2009, 2021--new Democratic presidents don't tend to step into the best situations. A pattern of being the party that the nation turns to in moments of crisis.
Show this thread",,,,
Tanner,@TCarson__,2020-11-25T16:05:05.000Z,Is Donnie Tyndall‚Äôs Twitter account still under the control of Al-Qaeda,,,,1
Stephen Phillips,@Stephen67452628,2020-11-25T16:04:28.000Z,"Replying to 
@JoeBidenHow they gonna kill something they fund. When the war ended, bin Laden organized the al-Qaeda organization to carry on armed jihad in other venues, primarily against the United States‚Äîthe country that had helped fund the mujahideen against the Soviets.",,,,
Mabarhule,@AmistoKhoza,2020-11-25T16:00:39.000Z,"Replying to 
@Oscar_T_HameseYou just reminded me of AL-Qaeda.",,,,
Afghanistan Times,@AfghanistanTime,2020-11-25T15:55:34.000Z,"Editorial: Nearly two decades after a US-led military campaign toppled the Taliban regime for hosting al-Qaeda, the ultra-radical Islamic State (IS), also known as Daesh extremist group is a major threat with launching attacks insideEditorial: Daesh still a big threat - Afghanistan Times
Nearly two decades after a US-led military campaign toppled the Taliban regime for hosting al-Qaeda,
afghanistantimes.af",,,,
Davicho,@Davicho266,2020-11-25T15:53:18.000Z,"Replying to 
@CoronaGone
 and 
@DrEricDingJust imagine if Al-Qaeda had flown a plane into a building with 3000 people *every day.* The amount of death really is mind-boggling",,1,,3
Lukas Ohl,@lukas_ohl,2020-11-25T15:49:07.000Z,"Replying to 
@JackFrederick99
 @jcbonthedl
 and 
@dpinsenYes, Al-Qaeda and the IRA are good examples. Try looking for more discreet groups. For example, university faculty & graduates ""conspire"" to exclude non-grads from jobs, even when the job doesn't require a degree.",,,,
SAR,@SarnaHN,2020-11-25T15:44:23.000Z,"Replying to 
@wikidioherrera2Y aun dirigente de  Al-Qaeda 
.",ü§£,,1,3
SirBobofAmbler,@SirBobofAmbler,2020-11-25T15:38:26.000Z,"Replying to 
@ABC""the base"" = Al-Qaeda",,,,
joseph wysocki,@rumrot,2020-11-25T15:30:24.000Z,"Al-Qaeda appoints new North Africa chief after predecessor killed by France's military http://almon.co/3f13 via 
@AlMonitorAl-Qaeda appoints new North Africa chief after France kills leader
Abu Obaida Yusuf al-Annabi succeeds Abdelmakel Droukdel, a founder of al-Qaeda in the Islamic Maghreb who was killed in June.
al-monitor.com",,,,
Paul Larudee,@larudee,2020-11-25T15:30:17.000Z,"Sullivan also emailed HRC on February 8, 2012 ""In Syria, al-Qaeda is on OUR  side."" [Thanks, Wikileaks, for publishing what our government is really doing.]Quote Tweet
Gregory
@Rasputinish
 ¬∑ Nov 24
As @JoeBiden's Admin prepares for Office with Anthony Blinken & Jake Sullivan slated for #StateDept & #NSA we should remember Sullivan advised bloodthirsty Sec of State @HillaryClinton in Libya while Blinken wished #US ""took out"" #Syrian Gov't & Pres #Assad in 2015!
#WarMongers",,,,2
Roots of Reality,@_RootsofReality,2020-11-25T14:12:09.000Z,"nor historical evidence to support such a claim. In addition, before the attacks al-Qaeda already had a long history of planning and attacking the US. Finally, an investigation into the attacks also proved that al-Qaeda was in fact responsible, and the former leader of the...",,1,,
Roots of Reality,@_RootsofReality,2020-11-25T14:12:09.000Z,"In 2001, the terrorist organization al-Qaeda committed the 9/11 attacks against the United States. Unfortunately, to make matters worse false conspiracy theories began to spread claiming it was the US Government that committed the attacks. In reality, there is no scientific...",,2,,
AjoKemi,@ajokemii_,2020-11-25T14:05:30.000Z,"remove barbs and put beyhive. they‚Äôre the real al-qaedaQuote Tweet
Who
@fair__licks
 ¬∑ 13h
Ngl BTS Army, Barbs, Elites and Wizkid Fc could be considered terrorist groups",üçë,,,
Lucas GC,@lguticap,2020-11-25T14:03:14.000Z,"El ISIS, los Talibanes, Al-Qaeda, Boko-Haram y toda la pesca se est√°n frotando las manos.Quote Tweet
Joe Biden
@JoeBiden
 ¬∑ Nov 24
America is back.",üîª,,,
The Soufan Center,@TheSoufanCenter,2020-11-25T14:02:52.000Z,"The Taliban and al-Qaeda continue to cooperate closely, and most observers expect the relationship to grow stronger after a U.S. drawdown, provoking concerns of a hasty withdrawal. #IntelBriefIntelbrief: How Will a U.S. Drawdown Impact Afghanistan? - The Soufan Center
Last week, Acting Secretary of Defense Christopher Miller announced a drawdown of U.S. troops in Afghanistan, shifting to 2,500 troops in early January just before President-elect Joseph R. Biden,...
thesoufancenter.org",,,9,6
Track Persia,@TrackPersia,2020-11-25T14:00:45.000Z,"The myth that the Shiite Iranian regime and Sunni al-Qaeda are bitter enemies -The myth that the Shiite Iranian regime and Sunni al-Qaeda are bitter enemies - Track Persia
By Track Persia November 25, 2020 Two Israeli operatives killed Abu Muhammad al-Masri, a senior Al Qaeda leader in the line of succession in Tehran last August at the behest of the United States. The...
trackpersia.com",,,3,3
New Age Islam,@NewAgeIslam,2020-11-25T13:58:31.000Z,"Macron's Hailing Of The Provocative Cartoons Eclipsed His Message Targetting Political Islam, Al-Qaeda, Daesh And The Muslim Brotherhood #Islam #Muslims https://bit.ly/3m6RVs7 New Age Islam",,,,
New Delhi Times - Assam Bureau,@NDTAssam,2020-11-25T13:56:00.000Z,"Israel takes out Al-Qaeda terrorist 

#Israel takes on #terrorism #Al- Qaeda 
@UN
 @IsraeliPMQuote Tweet
New Delhi Times
@NewDelhiTimes
 ¬∑ Nov 23
Israel takes out Al-Qaeda terrorist

#Israel #AlQaeda #Terrorism https://newdelhitimes.com/israel-takes-out-al-qaeda-terrorist/‚Ä¶",,,,
CapeTalk on 567AM,@CapeTalk,2020-11-25T13:36:36.000Z,"""Because I had no control over anything, I wasn't sure if I would survive tomorrow. I decided that I need to focus on something... I decided that the only thing certain is me.""

- Al-Qaeda hostage survivor Steve McGown[WATCH] Former Al-Qaeda hostage opens up about his six years in captivity
South African Steve McGown was captured by Al Qaeda for six years in Mali. He's the extremist group‚Äôs longest-held surviving captive.
capetalk.co.za",,,,1
ùîéùî¶ùî´ùî§ ùî¨ùî£ ùîìùî©ùî¢ùîüùî∞,@Rabidsynergy6,2020-11-25T13:30:52.000Z,"Replying to 
@Rabidsynergy6
 @JodyShenn
 and 
@saimatoor& comparing Jordan Peterson (a well-intentioned person who genuinely cares about people) to al quite Al-Qaeda is simply ridiculous bro.",üëë,1,,2
tinybird,@REALTinyBird,2020-11-25T13:30:04.000Z,"Replying to 
@ScottMGreerthats because half of """"""al-qaeda"""""" are israeli spies",,,,2
Scott Greer 6‚Äô2‚Äù IQ 187 Whitepilled,@ScottMGreer,2020-11-25T13:28:41.000Z,"In contrast, Biden‚Äôs NSA pick Jake Sullivan said al-Qaeda ‚Äúis on our side in Syria.‚Äù https://thenation.com/article/archive/trump-syria-withdraw-troops/‚Ä¶Quote Tweet
Richard Hanania
@RichardHanania
 ¬∑ 19h
""Qassem Soleimani was assassinated because his successful military campaigns against ISIS and al Qaeda were the best argument against the US needing to remain in the Middle East to fight terrorists.""

Provocative. https://caitlinjohnstone.substack.com/p/the-correct-response-to-give-biden‚Ä¶",,3,10,121
#TechStoa,@techstoa,2020-11-25T13:21:21.000Z,"and the American public came to see al-Qaeda and other Islamic terrorist organizations as the greatest danger they faced‚Äîa grave miscalculation. Since 9/11, 103 people have been killed in the United States by Islamic terrorists, acting either alone or in groups.",,1,1,2
ŸÅÿßÿ™,@Fatty_K48,2020-11-25T13:18:03.000Z,Covid sucks who misses Al-Qaeda??,,,,
Self Declared Interim President Jon Gold,@911JusticeNow,2020-11-25T13:13:35.000Z,"Replying to 
@Ali_H_SoufanThe U.S. have supported Al-Qaeda and ""Al-Qaeda Linked Groups"" in the Balkans, the Caucuses, Syria, Libya, and so many other places. Who is more dangerous Ali?",,1,,
